# slot_index,mcs,tbs_bytes,needs_retx,retx_count,harq_id
0,20,900,0,0,0
1,20,900,0,0,1
2,20,900,0,0,2
3,20,900,0,0,3
4,20,900,0,0,4
5,20,900,0,0,5
6,20,900,0,0,6
7,20,900,1,2,7
8,20,900,0,0,0
9,20,900,0,0,1
10,20,900,0,0,2
11,20,900,0,0,3
12,20,900,0,0,4
13,20,900,0,0,5
14,20,900,0,0,6
15,20,900,0,0,7
16,20,900,0,0,0
17,20,900,0,0,1
18,20,900,0,0,2
19,20,900,0,0,3
20,20,900,0,0,4
21,20,900,0,0,5
22,20,900,0,0,6
23,20,900,0,0,7
24,20,900,0,0,0
25,20,900,0,0,1
26,20,900,1,2,2
27,20,900,0,0,3
28,20,900,0,0,4
29,20,900,0,0,5
30,20,900,0,0,6
31,20,900,0,0,7
32,20,900,0,0,0
33,20,900,0,0,1
34,20,900,0,0,2
35,20,900,0,0,3
36,20,900,0,0,4
37,20,900,0,0,5
38,20,900,0,0,6
39,20,900,0,0,7
40,20,900,0,0,0
41,20,900,0,0,1
42,20,900,0,0,2
43,20,900,0,0,3
44,20,900,0,0,4
45,20,900,0,0,5
46,20,900,0,0,6
47,20,900,0,0,7
48,20,900,0,0,0
49,20,900,0,0,1
50,20,900,0,0,2
51,20,900,0,0,3
52,20,900,0,0,4
53,20,900,0,0,5
54,20,900,0,0,6
55,20,900,0,0,7
56,20,900,0,0,0
57,20,900,0,0,1
58,20,900,0,0,2
59,20,900,1,2,3
60,20,900,0,0,4
61,20,900,0,0,5
62,20,900,0,0,6
63,20,900,0,0,7
64,20,900,0,0,0
65,20,900,0,0,1
66,20,900,0,0,2
67,20,900,0,0,3
68,20,900,0,0,4
69,20,900,0,0,5
70,20,900,0,0,6
71,20,900,0,0,7
72,20,900,0,0,0
73,20,900,0,0,1
74,20,900,0,0,2
75,20,900,0,0,3
76,20,900,0,0,4
77,20,900,0,0,5
78,20,900,0,0,6
79,20,900,0,0,7
80,20,900,0,0,0
81,20,900,0,0,1
82,20,900,0,0,2
83,20,900,0,0,3
84,20,900,0,0,4
85,20,900,0,0,5
86,20,900,0,0,6
87,20,900,0,0,7
88,20,900,0,0,0
89,20,900,0,0,1
90,20,900,0,0,2
91,20,900,0,0,3
92,20,900,0,0,4
93,20,900,0,0,5
94,20,900,0,0,6
95,20,900,0,0,7
96,20,900,0,0,0
97,20,900,0,0,1
98,20,900,0,0,2
99,20,900,0,0,3
100,20,900,0,0,4
101,20,900,0,0,5
102,20,900,0,0,6
103,20,900,0,0,7
104,20,900,0,0,0
105,20,900,0,0,1
106,20,900,0,0,2
107,20,900,0,0,3
108,20,900,0,0,4
109,20,900,0,0,5
110,20,900,0,0,6
111,20,900,0,0,7
112,20,900,0,0,0
113,20,900,0,0,1
114,20,900,0,0,2
115,20,900,1,3,3
116,20,900,0,0,4
117,20,900,0,0,5
118,20,900,0,0,6
119,20,900,0,0,7
120,20,900,0,0,0
121,20,900,0,0,1
122,20,900,0,0,2
123,20,900,0,0,3
124,20,900,0,0,4
125,20,900,0,0,5
126,20,900,0,0,6
127,20,900,0,0,7
128,20,900,0,0,0
129,20,900,0,0,1
130,20,900,0,0,2
131,20,900,0,0,3
132,20,900,0,0,4
133,20,900,0,0,5
134,20,900,0,0,6
135,20,900,0,0,7
136,20,900,0,0,0
137,20,900,0,0,1
138,20,900,0,0,2
139,20,900,0,0,3
140,20,900,0,0,4
141,20,900,0,0,5
142,20,900,0,0,6
143,20,900,0,0,7
144,20,900,0,0,0
145,20,900,0,0,1
146,20,900,0,0,2
147,20,900,0,0,3
148,20,900,0,0,4
149,20,900,0,0,5
150,20,900,0,0,6
151,20,900,0,0,7
152,20,900,0,0,0
153,20,900,0,0,1
154,20,900,0,0,2
155,20,900,0,0,3
156,20,900,0,0,4
157,20,900,0,0,5
158,20,900,0,0,6
159,20,900,0,0,7
160,20,900,1,2,0
161,20,900,0,0,1
162,20,900,0,0,2
163,20,900,0,0,3
164,20,900,0,0,4
165,20,900,0,0,5
166,20,900,0,0,6
167,20,900,0,0,7
168,20,900,0,0,0
169,20,900,0,0,1
170,20,900,0,0,2
171,20,900,0,0,3
172,20,900,1,1,4
173,20,900,0,0,5
174,20,900,0,0,6
175,20,900,0,0,7
176,20,900,0,0,0
177,20,900,0,0,1
178,20,900,0,0,2
179,20,900,0,0,3
180,20,900,0,0,4
181,20,900,0,0,5
182,20,900,0,0,6
183,20,900,0,0,7
184,20,900,0,0,0
185,20,900,0,0,1
186,20,900,0,0,2
187,20,900,0,0,3
188,20,900,0,0,4
189,20,900,0,0,5
190,20,900,1,1,6
191,20,900,0,0,7
192,20,900,0,0,0
193,20,900,0,0,1
194,20,900,0,0,2
195,20,900,0,0,3
196,20,900,0,0,4
197,20,900,0,0,5
198,20,900,0,0,6
199,20,900,1,3,7
200,20,900,0,0,0
201,20,900,0,0,1
202,20,900,0,0,2
203,20,900,0,0,3
204,20,900,0,0,4
205,20,900,0,0,5
206,20,900,0,0,6
207,20,900,0,0,7
208,20,900,0,0,0
209,20,900,0,0,1
210,20,900,0,0,2
211,20,900,0,0,3
212,20,900,0,0,4
213,20,900,0,0,5
214,20,900,0,0,6
215,20,900,0,0,7
216,20,900,0,0,0
217,20,900,1,1,1
218,20,900,1,2,2
219,20,900,0,0,3
220,20,900,0,0,4
221,20,900,0,0,5
222,20,900,0,0,6
223,20,900,0,0,7
224,20,900,0,0,0
225,20,900,0,0,1
226,20,900,0,0,2
227,20,900,0,0,3
228,20,900,0,0,4
229,20,900,0,0,5
230,20,900,0,0,6
231,20,900,0,0,7
232,20,900,0,0,0
233,20,900,0,0,1
234,20,900,0,0,2
235,20,900,0,0,3
236,20,900,0,0,4
237,20,900,0,0,5
238,20,900,1,3,6
239,20,900,0,0,7
240,20,900,1,2,0
241,20,900,0,0,1
242,20,900,0,0,2
243,20,900,0,0,3
244,20,900,0,0,4
245,20,900,0,0,5
246,20,900,0,0,6
247,20,900,0,0,7
248,20,900,0,0,0
249,20,900,1,2,1
250,20,900,0,0,2
251,20,900,0,0,3
252,20,900,0,0,4
253,20,900,0,0,5
254,20,900,0,0,6
255,20,900,0,0,7
256,20,900,0,0,0
257,20,900,0,0,1
258,20,900,0,0,2
259,20,900,0,0,3
260,20,900,0,0,4
261,20,900,0,0,5
262,20,900,0,0,6
263,20,900,1,3,7
264,20,900,0,0,0
265,20,900,0,0,1
266,20,900,0,0,2
267,20,900,0,0,3
268,20,900,0,0,4
269,20,900,0,0,5
270,20,900,0,0,6
271,20,900,0,0,7
272,20,900,0,0,0
273,20,900,0,0,1
274,20,900,0,0,2
275,20,900,0,0,3
276,20,900,0,0,4
277,20,900,0,0,5
278,20,900,0,0,6
279,20,900,0,0,7
280,20,900,0,0,0
281,20,900,0,0,1
282,20,900,0,0,2
283,20,900,0,0,3
284,20,900,0,0,4
285,20,900,0,0,5
286,20,900,0,0,6
287,20,900,0,0,7
288,20,900,0,0,0
289,20,900,0,0,1
290,20,900,0,0,2
291,20,900,0,0,3
292,20,900,0,0,4
293,20,900,0,0,5
294,20,900,0,0,6
295,20,900,0,0,7
296,20,900,0,0,0
297,20,900,0,0,1
298,20,900,0,0,2
299,20,900,0,0,3
300,20,900,0,0,4
301,20,900,0,0,5
302,20,900,0,0,6
303,20,900,0,0,7
304,20,900,0,0,0
305,20,900,0,0,1
306,20,900,0,0,2
307,20,900,0,0,3
308,20,900,0,0,4
309,20,900,0,0,5
310,20,900,0,0,6
311,20,900,0,0,7
312,20,900,1,1,0
313,20,900,0,0,1
314,20,900,0,0,2
315,20,900,0,0,3
316,20,900,0,0,4
317,20,900,0,0,5
318,20,900,0,0,6
319,20,900,0,0,7
320,20,900,0,0,0
321,20,900,0,0,1
322,20,900,0,0,2
323,20,900,0,0,3
324,20,900,0,0,4
325,20,900,0,0,5
326,20,900,0,0,6
327,20,900,0,0,7
328,20,900,0,0,0
329,20,900,0,0,1
330,20,900,0,0,2
331,20,900,0,0,3
332,20,900,0,0,4
333,20,900,0,0,5
334,20,900,0,0,6
335,20,900,0,0,7
336,20,900,0,0,0
337,20,900,0,0,1
338,20,900,0,0,2
339,20,900,1,1,3
340,20,900,0,0,4
341,20,900,0,0,5
342,20,900,0,0,6
343,20,900,0,0,7
344,20,900,0,0,0
345,20,900,0,0,1
346,20,900,0,0,2
347,20,900,0,0,3
348,20,900,0,0,4
349,20,900,0,0,5
350,20,900,0,0,6
351,20,900,0,0,7
352,20,900,0,0,0
353,20,900,0,0,1
354,20,900,0,0,2
355,20,900,0,0,3
356,20,900,0,0,4
357,20,900,1,1,5
358,20,900,0,0,6
359,20,900,0,0,7
360,20,900,0,0,0
361,20,900,0,0,1
362,20,900,0,0,2
363,20,900,0,0,3
364,20,900,0,0,4
365,20,900,0,0,5
366,20,900,1,1,6
367,20,900,0,0,7
368,20,900,0,0,0
369,20,900,0,0,1
370,20,900,0,0,2
371,20,900,0,0,3
372,20,900,0,0,4
373,20,900,0,0,5
374,20,900,0,0,6
375,20,900,0,0,7
376,20,900,0,0,0
377,20,900,0,0,1
378,20,900,0,0,2
379,20,900,0,0,3
380,20,900,0,0,4
381,20,900,0,0,5
382,20,900,0,0,6
383,20,900,0,0,7
384,20,900,0,0,0
385,20,900,0,0,1
386,20,900,1,3,2
387,20,900,0,0,3
388,20,900,0,0,4
389,20,900,0,0,5
390,20,900,0,0,6
391,20,900,0,0,7
392,20,900,0,0,0
393,20,900,0,0,1
394,20,900,0,0,2
395,20,900,0,0,3
396,20,900,0,0,4
397,20,900,0,0,5
398,20,900,0,0,6
399,20,900,0,0,7
400,20,900,0,0,0
401,20,900,0,0,1
402,20,900,0,0,2
403,20,900,0,0,3
404,20,900,0,0,4
405,20,900,0,0,5
406,20,900,0,0,6
407,20,900,0,0,7
408,20,900,0,0,0
409,20,900,0,0,1
410,20,900,0,0,2
411,20,900,0,0,3
412,20,900,0,0,4
413,20,900,0,0,5
414,20,900,0,0,6
415,20,900,0,0,7
416,20,900,0,0,0
417,20,900,0,0,1
418,20,900,0,0,2
419,20,900,0,0,3
420,20,900,0,0,4
421,20,900,1,1,5
422,20,900,0,0,6
423,20,900,0,0,7
424,20,900,0,0,0
425,20,900,0,0,1
426,20,900,0,0,2
427,20,900,0,0,3
428,20,900,0,0,4
429,20,900,0,0,5
430,20,900,0,0,6
431,20,900,0,0,7
432,20,900,0,0,0
433,20,900,0,0,1
434,20,900,0,0,2
435,20,900,1,1,3
436,20,900,0,0,4
437,20,900,0,0,5
438,20,900,0,0,6
439,20,900,0,0,7
440,20,900,0,0,0
441,20,900,0,0,1
442,20,900,0,0,2
443,20,900,0,0,3
444,20,900,0,0,4
445,20,900,0,0,5
446,20,900,0,0,6
447,20,900,0,0,7
448,20,900,0,0,0
449,20,900,0,0,1
450,20,900,0,0,2
451,20,900,0,0,3
452,20,900,0,0,4
453,20,900,0,0,5
454,20,900,0,0,6
455,20,900,0,0,7
456,20,900,0,0,0
457,20,900,0,0,1
458,20,900,0,0,2
459,20,900,0,0,3
460,20,900,0,0,4
461,20,900,0,0,5
462,20,900,0,0,6
463,20,900,0,0,7
464,20,900,0,0,0
465,20,900,0,0,1
466,20,900,0,0,2
467,20,900,0,0,3
468,20,900,0,0,4
469,20,900,0,0,5
470,20,900,0,0,6
471,20,900,0,0,7
472,20,900,0,0,0
473,20,900,0,0,1
474,20,900,0,0,2
475,20,900,0,0,3
476,20,900,0,0,4
477,20,900,0,0,5
478,20,900,0,0,6
479,20,900,0,0,7
480,20,900,0,0,0
481,20,900,0,0,1
482,20,900,0,0,2
483,20,900,0,0,3
484,20,900,0,0,4
485,20,900,0,0,5
486,20,900,0,0,6
487,20,900,0,0,7
488,20,900,0,0,0
489,20,900,0,0,1
490,20,900,0,0,2
491,20,900,0,0,3
492,20,900,0,0,4
493,20,900,0,0,5
494,20,900,0,0,6
495,20,900,0,0,7
496,20,900,0,0,0
497,20,900,0,0,1
498,20,900,0,0,2
499,20,900,0,0,3
500,20,900,0,0,4
501,20,900,0,0,5
502,20,900,0,0,6
503,20,900,0,0,7
504,20,900,0,0,0
505,20,900,0,0,1
506,20,900,0,0,2
507,20,900,0,0,3
508,20,900,0,0,4
509,20,900,0,0,5
510,20,900,0,0,6
511,20,900,0,0,7
512,20,900,0,0,0
513,20,900,0,0,1
514,20,900,1,2,2
515,20,900,0,0,3
516,20,900,0,0,4
517,20,900,0,0,5
518,20,900,0,0,6
519,20,900,0,0,7
520,20,900,0,0,0
521,20,900,0,0,1
522,20,900,0,0,2
523,20,900,0,0,3
524,20,900,0,0,4
525,20,900,0,0,5
526,20,900,0,0,6
527,20,900,1,2,7
528,20,900,0,0,0
529,20,900,0,0,1
530,20,900,0,0,2
531,20,900,0,0,3
532,20,900,0,0,4
533,20,900,0,0,5
534,20,900,0,0,6
535,20,900,0,0,7
536,20,900,0,0,0
537,20,900,1,1,1
538,20,900,0,0,2
539,20,900,0,0,3
540,20,900,0,0,4
541,20,900,0,0,5
542,20,900,0,0,6
543,20,900,0,0,7
544,20,900,0,0,0
545,20,900,0,0,1
546,20,900,0,0,2
547,20,900,0,0,3
548,20,900,0,0,4
549,20,900,0,0,5
550,20,900,0,0,6
551,20,900,0,0,7
552,20,900,0,0,0
553,20,900,0,0,1
554,20,900,0,0,2
555,20,900,0,0,3
556,20,900,0,0,4
557,20,900,0,0,5
558,20,900,0,0,6
559,20,900,0,0,7
560,20,900,0,0,0
561,20,900,0,0,1
562,20,900,0,0,2
563,20,900,0,0,3
564,20,900,0,0,4
565,20,900,0,0,5
566,20,900,0,0,6
567,20,900,0,0,7
568,20,900,0,0,0
569,20,900,0,0,1
570,20,900,0,0,2
571,20,900,0,0,3
572,20,900,0,0,4
573,20,900,0,0,5
574,20,900,0,0,6
575,20,900,0,0,7
576,20,900,0,0,0
577,20,900,0,0,1
578,20,900,0,0,2
579,20,900,0,0,3
580,20,900,0,0,4
581,20,900,0,0,5
582,20,900,0,0,6
583,20,900,0,0,7
584,20,900,0,0,0
585,20,900,0,0,1
586,20,900,0,0,2
587,20,900,0,0,3
588,20,900,0,0,4
589,20,900,0,0,5
590,20,900,0,0,6
591,20,900,0,0,7
592,20,900,0,0,0
593,20,900,0,0,1
594,20,900,0,0,2
595,20,900,0,0,3
596,20,900,1,3,4
597,20,900,0,0,5
598,20,900,0,0,6
599,20,900,0,0,7
600,20,900,0,0,0
601,20,900,0,0,1
602,20,900,0,0,2
603,20,900,0,0,3
604,20,900,0,0,4
605,20,900,0,0,5
606,20,900,0,0,6
607,20,900,0,0,7
608,20,900,0,0,0
609,20,900,0,0,1
610,20,900,0,0,2
611,20,900,0,0,3
612,20,900,0,0,4
613,20,900,0,0,5
614,20,900,0,0,6
615,20,900,0,0,7
616,20,900,0,0,0
617,20,900,0,0,1
618,20,900,0,0,2
619,20,900,0,0,3
620,20,900,0,0,4
621,20,900,0,0,5
622,20,900,0,0,6
623,20,900,0,0,7
624,20,900,0,0,0
625,20,900,0,0,1
626,20,900,0,0,2
627,20,900,0,0,3
628,20,900,0,0,4
629,20,900,0,0,5
630,20,900,0,0,6
631,20,900,0,0,7
632,20,900,0,0,0
633,20,900,0,0,1
634,20,900,0,0,2
635,20,900,0,0,3
636,20,900,0,0,4
637,20,900,0,0,5
638,20,900,0,0,6
639,20,900,0,0,7
640,20,900,0,0,0
641,20,900,0,0,1
642,20,900,0,0,2
643,20,900,0,0,3
644,20,900,0,0,4
645,20,900,0,0,5
646,20,900,0,0,6
647,20,900,0,0,7
648,20,900,0,0,0
649,20,900,1,1,1
650,20,900,0,0,2
651,20,900,0,0,3
652,20,900,0,0,4
653,20,900,0,0,5
654,20,900,0,0,6
655,20,900,0,0,7
656,20,900,0,0,0
657,20,900,0,0,1
658,20,900,1,2,2
659,20,900,0,0,3
660,20,900,0,0,4
661,20,900,0,0,5
662,20,900,0,0,6
663,20,900,0,0,7
664,20,900,0,0,0
665,20,900,0,0,1
666,20,900,0,0,2
667,20,900,0,0,3
668,20,900,0,0,4
669,20,900,0,0,5
670,20,900,0,0,6
671,20,900,0,0,7
672,20,900,0,0,0
673,20,900,0,0,1
674,20,900,0,0,2
675,20,900,0,0,3
676,20,900,0,0,4
677,20,900,0,0,5
678,20,900,1,3,6
679,20,900,0,0,7
680,20,900,0,0,0
681,20,900,0,0,1
682,20,900,0,0,2
683,20,900,0,0,3
684,20,900,0,0,4
685,20,900,0,0,5
686,20,900,0,0,6
687,20,900,0,0,7
688,20,900,0,0,0
689,20,900,0,0,1
690,20,900,0,0,2
691,20,900,0,0,3
692,20,900,0,0,4
693,20,900,0,0,5
694,20,900,0,0,6
695,20,900,0,0,7
696,20,900,0,0,0
697,20,900,0,0,1
698,20,900,0,0,2
699,20,900,0,0,3
700,20,900,0,0,4
701,20,900,0,0,5
702,20,900,0,0,6
703,20,900,0,0,7
704,20,900,0,0,0
705,20,900,0,0,1
706,20,900,0,0,2
707,20,900,0,0,3
708,20,900,0,0,4
709,20,900,0,0,5
710,20,900,0,0,6
711,20,900,0,0,7
712,20,900,0,0,0
713,20,900,0,0,1
714,20,900,0,0,2
715,20,900,0,0,3
716,20,900,0,0,4
717,20,900,0,0,5
718,20,900,0,0,6
719,20,900,0,0,7
720,20,900,0,0,0
721,20,900,0,0,1
722,20,900,0,0,2
723,20,900,0,0,3
724,20,900,0,0,4
725,20,900,0,0,5
726,20,900,0,0,6
727,20,900,0,0,7
728,20,900,0,0,0
729,20,900,0,0,1
730,20,900,0,0,2
731,20,900,0,0,3
732,20,900,0,0,4
733,20,900,0,0,5
734,20,900,0,0,6
735,20,900,0,0,7
736,20,900,0,0,0
737,20,900,0,0,1
738,20,900,0,0,2
739,20,900,0,0,3
740,20,900,0,0,4
741,20,900,0,0,5
742,20,900,0,0,6
743,20,900,0,0,7
744,20,900,0,0,0
745,20,900,0,0,1
746,20,900,0,0,2
747,20,900,0,0,3
748,20,900,0,0,4
749,20,900,0,0,5
750,20,900,0,0,6
751,20,900,0,0,7
752,20,900,0,0,0
753,20,900,0,0,1
754,20,900,0,0,2
755,20,900,0,0,3
756,20,900,0,0,4
757,20,900,0,0,5
758,20,900,0,0,6
759,20,900,0,0,7
760,20,900,0,0,0
761,20,900,0,0,1
762,20,900,0,0,2
763,20,900,0,0,3
764,20,900,0,0,4
765,20,900,0,0,5
766,20,900,0,0,6
767,20,900,0,0,7
768,20,900,0,0,0
769,20,900,0,0,1
770,20,900,0,0,2
771,20,900,0,0,3
772,20,900,0,0,4
773,20,900,0,0,5
774,20,900,0,0,6
775,20,900,0,0,7
776,20,900,0,0,0
777,20,900,0,0,1
778,20,900,0,0,2
779,20,900,0,0,3
780,20,900,0,0,4
781,20,900,0,0,5
782,20,900,0,0,6
783,20,900,0,0,7
784,20,900,0,0,0
785,20,900,0,0,1
786,20,900,0,0,2
787,20,900,0,0,3
788,20,900,0,0,4
789,20,900,0,0,5
790,20,900,0,0,6
791,20,900,0,0,7
792,20,900,0,0,0
793,20,900,0,0,1
794,20,900,0,0,2
795,20,900,0,0,3
796,20,900,0,0,4
797,20,900,0,0,5
798,20,900,0,0,6
799,20,900,0,0,7
800,20,900,0,0,0
801,20,900,0,0,1
802,20,900,0,0,2
803,20,900,0,0,3
804,20,900,0,0,4
805,20,900,0,0,5
806,20,900,0,0,6
807,20,900,0,0,7
808,20,900,0,0,0
809,20,900,1,1,1
810,20,900,0,0,2
811,20,900,0,0,3
812,20,900,0,0,4
813,20,900,0,0,5
814,20,900,1,2,6
815,20,900,0,0,7
816,20,900,0,0,0
817,20,900,0,0,1
818,20,900,0,0,2
819,20,900,0,0,3
820,20,900,0,0,4
821,20,900,0,0,5
822,20,900,0,0,6
823,20,900,0,0,7
824,20,900,0,0,0
825,20,900,1,1,1
826,20,900,0,0,2
827,20,900,0,0,3
828,20,900,0,0,4
829,20,900,0,0,5
830,20,900,0,0,6
831,20,900,0,0,7
832,20,900,0,0,0
833,20,900,0,0,1
834,20,900,0,0,2
835,20,900,0,0,3
836,20,900,0,0,4
837,20,900,0,0,5
838,20,900,0,0,6
839,20,900,0,0,7
840,20,900,0,0,0
841,20,900,0,0,1
842,20,900,0,0,2
843,20,900,0,0,3
844,20,900,0,0,4
845,20,900,0,0,5
846,20,900,0,0,6
847,20,900,1,3,7
848,20,900,0,0,0
849,20,900,0,0,1
850,20,900,0,0,2
851,20,900,0,0,3
852,20,900,0,0,4
853,20,900,0,0,5
854,20,900,0,0,6
855,20,900,0,0,7
856,20,900,0,0,0
857,20,900,0,0,1
858,20,900,0,0,2
859,20,900,0,0,3
860,20,900,0,0,4
861,20,900,0,0,5
862,20,900,0,0,6
863,20,900,0,0,7
864,20,900,0,0,0
865,20,900,0,0,1
866,20,900,0,0,2
867,20,900,0,0,3
868,20,900,0,0,4
869,20,900,0,0,5
870,20,900,0,0,6
871,20,900,0,0,7
872,20,900,0,0,0
873,20,900,0,0,1
874,20,900,0,0,2
875,20,900,0,0,3
876,20,900,0,0,4
877,20,900,0,0,5
878,20,900,0,0,6
879,20,900,0,0,7
880,20,900,0,0,0
881,20,900,0,0,1
882,20,900,0,0,2
883,20,900,0,0,3
884,20,900,0,0,4
885,20,900,0,0,5
886,20,900,0,0,6
887,20,900,0,0,7
888,20,900,0,0,0
889,20,900,0,0,1
890,20,900,0,0,2
891,20,900,0,0,3
892,20,900,0,0,4
893,20,900,0,0,5
894,20,900,0,0,6
895,20,900,0,0,7
896,20,900,0,0,0
897,20,900,0,0,1
898,20,900,0,0,2
899,20,900,0,0,3
900,20,900,0,0,4
901,20,900,1,1,5
902,20,900,0,0,6
903,20,900,0,0,7
904,20,900,0,0,0
905,20,900,0,0,1
906,20,900,0,0,2
907,20,900,0,0,3
908,20,900,0,0,4
909,20,900,0,0,5
910,20,900,0,0,6
911,20,900,0,0,7
912,20,900,0,0,0
913,20,900,0,0,1
914,20,900,0,0,2
915,20,900,0,0,3
916,20,900,0,0,4
917,20,900,0,0,5
918,20,900,0,0,6
919,20,900,0,0,7
920,20,900,0,0,0
921,20,900,0,0,1
922,20,900,0,0,2
923,20,900,0,0,3
924,20,900,0,0,4
925,20,900,0,0,5
926,20,900,0,0,6
927,20,900,0,0,7
928,20,900,0,0,0
929,20,900,0,0,1
930,20,900,0,0,2
931,20,900,0,0,3
932,20,900,1,1,4
933,20,900,0,0,5
934,20,900,0,0,6
935,20,900,0,0,7
936,20,900,0,0,0
937,20,900,0,0,1
938,20,900,0,0,2
939,20,900,0,0,3
940,20,900,0,0,4
941,20,900,0,0,5
942,20,900,0,0,6
943,20,900,0,0,7
944,20,900,0,0,0
945,20,900,0,0,1
946,20,900,0,0,2
947,20,900,0,0,3
948,20,900,0,0,4
949,20,900,0,0,5
950,20,900,0,0,6
951,20,900,0,0,7
952,20,900,0,0,0
953,20,900,0,0,1
954,20,900,0,0,2
955,20,900,0,0,3
956,20,900,0,0,4
957,20,900,0,0,5
958,20,900,0,0,6
959,20,900,0,0,7
960,20,900,0,0,0
961,20,900,0,0,1
962,20,900,0,0,2
963,20,900,0,0,3
964,20,900,0,0,4
965,20,900,0,0,5
966,20,900,0,0,6
967,20,900,0,0,7
968,20,900,0,0,0
969,20,900,0,0,1
970,20,900,0,0,2
971,20,900,0,0,3
972,20,900,0,0,4
973,20,900,0,0,5
974,20,900,0,0,6
975,20,900,0,0,7
976,20,900,0,0,0
977,20,900,0,0,1
978,20,900,1,3,2
979,20,900,0,0,3
980,20,900,0,0,4
981,20,900,0,0,5
982,20,900,0,0,6
983,20,900,0,0,7
984,20,900,0,0,0
985,20,900,0,0,1
986,20,900,0,0,2
987,20,900,0,0,3
988,20,900,0,0,4
989,20,900,0,0,5
990,20,900,0,0,6
991,20,900,0,0,7
992,20,900,0,0,0
993,20,900,0,0,1
994,20,900,0,0,2
995,20,900,0,0,3
996,20,900,0,0,4
997,20,900,0,0,5
998,20,900,0,0,6
999,20,900,0,0,7
1000,20,900,0,0,0
1001,20,900,0,0,1
1002,20,900,0,0,2
1003,20,900,0,0,3
1004,20,900,0,0,4
1005,20,900,0,0,5
1006,20,900,0,0,6
1007,20,900,0,0,7
1008,20,900,0,0,0
1009,20,900,0,0,1
1010,20,900,0,0,2
1011,20,900,0,0,3
1012,20,900,0,0,4
1013,20,900,0,0,5
1014,20,900,0,0,6
1015,20,900,0,0,7
1016,20,900,0,0,0
1017,20,900,0,0,1
1018,20,900,0,0,2
1019,20,900,0,0,3
1020,20,900,0,0,4
1021,20,900,0,0,5
1022,20,900,0,0,6
1023,20,900,0,0,7
1024,20,900,0,0,0
1025,20,900,0,0,1
1026,20,900,0,0,2
1027,20,900,0,0,3
1028,20,900,0,0,4
1029,20,900,0,0,5
1030,20,900,0,0,6
1031,20,900,0,0,7
1032,20,900,0,0,0
1033,20,900,0,0,1
1034,20,900,0,0,2
1035,20,900,0,0,3
1036,20,900,0,0,4
1037,20,900,0,0,5
1038,20,900,0,0,6
1039,20,900,0,0,7
1040,20,900,0,0,0
1041,20,900,0,0,1
1042,20,900,0,0,2
1043,20,900,0,0,3
1044,20,900,0,0,4
1045,20,900,1,1,5
1046,20,900,0,0,6
1047,20,900,0,0,7
1048,20,900,0,0,0
1049,20,900,0,0,1
1050,20,900,0,0,2
1051,20,900,1,3,3
1052,20,900,0,0,4
1053,20,900,1,2,5
1054,20,900,0,0,6
1055,20,900,0,0,7
1056,20,900,0,0,0
1057,20,900,0,0,1
1058,20,900,0,0,2
1059,20,900,0,0,3
1060,20,900,0,0,4
1061,20,900,0,0,5
1062,20,900,0,0,6
1063,20,900,0,0,7
1064,20,900,0,0,0
1065,20,900,0,0,1
1066,20,900,0,0,2
1067,20,900,0,0,3
1068,20,900,0,0,4
1069,20,900,0,0,5
1070,20,900,0,0,6
1071,20,900,0,0,7
1072,20,900,0,0,0
1073,20,900,0,0,1
1074,20,900,0,0,2
1075,20,900,0,0,3
1076,20,900,0,0,4
1077,20,900,0,0,5
1078,20,900,0,0,6
1079,20,900,0,0,7
1080,20,900,0,0,0
1081,20,900,0,0,1
1082,20,900,0,0,2
1083,20,900,0,0,3
1084,20,900,0,0,4
1085,20,900,0,0,5
1086,20,900,0,0,6
1087,20,900,0,0,7
1088,20,900,0,0,0
1089,20,900,0,0,1
1090,20,900,1,3,2
1091,20,900,0,0,3
1092,20,900,0,0,4
1093,20,900,0,0,5
1094,20,900,0,0,6
1095,20,900,0,0,7
1096,20,900,0,0,0
1097,20,900,0,0,1
1098,20,900,0,0,2
1099,20,900,0,0,3
1100,20,900,0,0,4
1101,20,900,0,0,5
1102,20,900,0,0,6
1103,20,900,0,0,7
1104,20,900,0,0,0
1105,20,900,1,2,1
1106,20,900,0,0,2
1107,20,900,0,0,3
1108,20,900,0,0,4
1109,20,900,0,0,5
1110,20,900,0,0,6
1111,20,900,0,0,7
1112,20,900,0,0,0
1113,20,900,0,0,1
1114,20,900,0,0,2
1115,20,900,0,0,3
1116,20,900,0,0,4
1117,20,900,0,0,5
1118,20,900,0,0,6
1119,20,900,0,0,7
1120,20,900,0,0,0
1121,20,900,0,0,1
1122,20,900,0,0,2
1123,20,900,0,0,3
1124,20,900,0,0,4
1125,20,900,0,0,5
1126,20,900,0,0,6
1127,20,900,0,0,7
1128,20,900,0,0,0
1129,20,900,0,0,1
1130,20,900,0,0,2
1131,20,900,0,0,3
1132,20,900,0,0,4
1133,20,900,0,0,5
1134,20,900,0,0,6
1135,20,900,0,0,7
1136,20,900,0,0,0
1137,20,900,0,0,1
1138,20,900,0,0,2
1139,20,900,0,0,3
1140,20,900,0,0,4
1141,20,900,0,0,5
1142,20,900,0,0,6
1143,20,900,0,0,7
1144,20,900,0,0,0
1145,20,900,0,0,1
1146,20,900,0,0,2
1147,20,900,0,0,3
1148,20,900,0,0,4
1149,20,900,0,0,5
1150,20,900,0,0,6
1151,20,900,0,0,7
1152,20,900,0,0,0
1153,20,900,0,0,1
1154,20,900,0,0,2
1155,20,900,0,0,3
1156,20,900,1,2,4
1157,20,900,0,0,5
1158,20,900,1,1,6
1159,20,900,0,0,7
1160,20,900,0,0,0
1161,20,900,1,1,1
1162,20,900,0,0,2
1163,20,900,0,0,3
1164,20,900,0,0,4
1165,20,900,0,0,5
1166,20,900,0,0,6
1167,20,900,0,0,7
1168,20,900,0,0,0
1169,20,900,0,0,1
1170,20,900,0,0,2
1171,20,900,0,0,3
1172,20,900,0,0,4
1173,20,900,0,0,5
1174,20,900,0,0,6
1175,20,900,0,0,7
1176,20,900,0,0,0
1177,20,900,0,0,1
1178,20,900,0,0,2
1179,20,900,0,0,3
1180,20,900,0,0,4
1181,20,900,0,0,5
1182,20,900,0,0,6
1183,20,900,0,0,7
1184,20,900,0,0,0
1185,20,900,0,0,1
1186,20,900,0,0,2
1187,20,900,0,0,3
1188,20,900,0,0,4
1189,20,900,0,0,5
1190,20,900,0,0,6
1191,20,900,0,0,7
1192,20,900,0,0,0
1193,20,900,0,0,1
1194,20,900,0,0,2
1195,20,900,0,0,3
1196,20,900,0,0,4
1197,20,900,0,0,5
1198,20,900,0,0,6
1199,20,900,0,0,7
1200,20,900,0,0,0
1201,20,900,0,0,1
1202,20,900,0,0,2
1203,20,900,0,0,3
1204,20,900,0,0,4
1205,20,900,0,0,5
1206,20,900,0,0,6
1207,20,900,0,0,7
1208,20,900,0,0,0
1209,20,900,0,0,1
1210,20,900,0,0,2
1211,20,900,0,0,3
1212,20,900,0,0,4
1213,20,900,0,0,5
1214,20,900,0,0,6
1215,20,900,0,0,7
1216,20,900,0,0,0
1217,20,900,0,0,1
1218,20,900,0,0,2
1219,20,900,0,0,3
1220,20,900,0,0,4
1221,20,900,0,0,5
1222,20,900,0,0,6
1223,20,900,0,0,7
1224,20,900,0,0,0
1225,20,900,0,0,1
1226,20,900,0,0,2
1227,20,900,0,0,3
1228,20,900,0,0,4
1229,20,900,0,0,5
1230,20,900,0,0,6
1231,20,900,0,0,7
1232,20,900,0,0,0
1233,20,900,0,0,1
1234,20,900,0,0,2
1235,20,900,0,0,3
1236,20,900,0,0,4
1237,20,900,0,0,5
1238,20,900,0,0,6
1239,20,900,0,0,7
1240,20,900,0,0,0
1241,20,900,0,0,1
1242,20,900,0,0,2
1243,20,900,0,0,3
1244,20,900,0,0,4
1245,20,900,0,0,5
1246,20,900,0,0,6
1247,20,900,0,0,7
1248,20,900,0,0,0
1249,20,900,0,0,1
1250,20,900,0,0,2
1251,20,900,0,0,3
1252,20,900,0,0,4
1253,20,900,1,1,5
1254,20,900,0,0,6
1255,20,900,0,0,7
1256,20,900,0,0,0
1257,20,900,0,0,1
1258,20,900,0,0,2
1259,20,900,0,0,3
1260,20,900,0,0,4
1261,20,900,0,0,5
1262,20,900,0,0,6
1263,20,900,0,0,7
1264,20,900,0,0,0
1265,20,900,0,0,1
1266,20,900,0,0,2
1267,20,900,0,0,3
1268,20,900,0,0,4
1269,20,900,0,0,5
1270,20,900,0,0,6
1271,20,900,0,0,7
1272,20,900,0,0,0
1273,20,900,0,0,1
1274,20,900,0,0,2
1275,20,900,0,0,3
1276,20,900,0,0,4
1277,20,900,1,2,5
1278,20,900,0,0,6
1279,20,900,0,0,7
1280,20,900,0,0,0
1281,20,900,0,0,1
1282,20,900,0,0,2
1283,20,900,0,0,3
1284,20,900,0,0,4
1285,20,900,0,0,5
1286,20,900,0,0,6
1287,20,900,0,0,7
1288,20,900,0,0,0
1289,20,900,0,0,1
1290,20,900,0,0,2
1291,20,900,0,0,3
1292,20,900,0,0,4
1293,20,900,0,0,5
1294,20,900,0,0,6
1295,20,900,0,0,7
1296,20,900,0,0,0
1297,20,900,0,0,1
1298,20,900,0,0,2
1299,20,900,0,0,3
1300,20,900,0,0,4
1301,20,900,0,0,5
1302,20,900,0,0,6
1303,20,900,1,3,7
1304,20,900,1,1,0
1305,20,900,0,0,1
1306,20,900,0,0,2
1307,20,900,0,0,3
1308,20,900,0,0,4
1309,20,900,0,0,5
1310,20,900,0,0,6
1311,20,900,0,0,7
1312,20,900,0,0,0
1313,20,900,0,0,1
1314,20,900,0,0,2
1315,20,900,0,0,3
1316,20,900,1,2,4
1317,20,900,0,0,5
1318,20,900,0,0,6
1319,20,900,0,0,7
1320,20,900,0,0,0
1321,20,900,0,0,1
1322,20,900,0,0,2
1323,20,900,0,0,3
1324,20,900,0,0,4
1325,20,900,0,0,5
1326,20,900,0,0,6
1327,20,900,0,0,7
1328,20,900,0,0,0
1329,20,900,0,0,1
1330,20,900,0,0,2
1331,20,900,0,0,3
1332,20,900,0,0,4
1333,20,900,0,0,5
1334,20,900,0,0,6
1335,20,900,0,0,7
1336,20,900,0,0,0
1337,20,900,0,0,1
1338,20,900,0,0,2
1339,20,900,0,0,3
1340,20,900,0,0,4
1341,20,900,0,0,5
1342,20,900,0,0,6
1343,20,900,0,0,7
1344,20,900,0,0,0
1345,20,900,0,0,1
1346,20,900,1,3,2
1347,20,900,0,0,3
1348,20,900,0,0,4
1349,20,900,0,0,5
1350,20,900,0,0,6
1351,20,900,0,0,7
1352,20,900,0,0,0
1353,20,900,0,0,1
1354,20,900,0,0,2
1355,20,900,0,0,3
1356,20,900,0,0,4
1357,20,900,0,0,5
1358,20,900,0,0,6
1359,20,900,0,0,7
1360,20,900,0,0,0
1361,20,900,0,0,1
1362,20,900,0,0,2
1363,20,900,0,0,3
1364,20,900,0,0,4
1365,20,900,0,0,5
1366,20,900,0,0,6
1367,20,900,0,0,7
1368,20,900,0,0,0
1369,20,900,0,0,1
1370,20,900,0,0,2
1371,20,900,0,0,3
1372,20,900,0,0,4
1373,20,900,0,0,5
1374,20,900,0,0,6
1375,20,900,0,0,7
1376,20,900,0,0,0
1377,20,900,0,0,1
1378,20,900,0,0,2
1379,20,900,0,0,3
1380,20,900,0,0,4
1381,20,900,0,0,5
1382,20,900,0,0,6
1383,20,900,0,0,7
1384,20,900,0,0,0
1385,20,900,0,0,1
1386,20,900,0,0,2
1387,20,900,0,0,3
1388,20,900,0,0,4
1389,20,900,0,0,5
1390,20,900,0,0,6
1391,20,900,0,0,7
1392,20,900,0,0,0
1393,20,900,0,0,1
1394,20,900,1,1,2
1395,20,900,0,0,3
1396,20,900,0,0,4
1397,20,900,0,0,5
1398,20,900,0,0,6
1399,20,900,0,0,7
1400,20,900,0,0,0
1401,20,900,0,0,1
1402,20,900,0,0,2
1403,20,900,0,0,3
1404,20,900,0,0,4
1405,20,900,0,0,5
1406,20,900,0,0,6
1407,20,900,0,0,7
1408,20,900,0,0,0
1409,20,900,0,0,1
1410,20,900,0,0,2
1411,20,900,0,0,3
1412,20,900,0,0,4
1413,20,900,0,0,5
1414,20,900,0,0,6
1415,20,900,0,0,7
1416,20,900,0,0,0
1417,20,900,0,0,1
1418,20,900,0,0,2
1419,20,900,0,0,3
1420,20,900,0,0,4
1421,20,900,0,0,5
1422,20,900,0,0,6
1423,20,900,0,0,7
1424,20,900,0,0,0
1425,20,900,0,0,1
1426,20,900,0,0,2
1427,20,900,0,0,3
1428,20,900,0,0,4
1429,20,900,0,0,5
1430,20,900,0,0,6
1431,20,900,0,0,7
1432,20,900,0,0,0
1433,20,900,0,0,1
1434,20,900,0,0,2
1435,20,900,0,0,3
1436,20,900,0,0,4
1437,20,900,0,0,5
1438,20,900,0,0,6
1439,20,900,0,0,7
1440,20,900,0,0,0
1441,20,900,0,0,1
1442,20,900,0,0,2
1443,20,900,0,0,3
1444,20,900,0,0,4
1445,20,900,0,0,5
1446,20,900,0,0,6
1447,20,900,0,0,7
1448,20,900,0,0,0
1449,20,900,1,1,1
1450,20,900,0,0,2
1451,20,900,0,0,3
1452,20,900,0,0,4
1453,20,900,0,0,5
1454,20,900,0,0,6
1455,20,900,0,0,7
1456,20,900,0,0,0
1457,20,900,0,0,1
1458,20,900,0,0,2
1459,20,900,0,0,3
1460,20,900,0,0,4
1461,20,900,0,0,5
1462,20,900,0,0,6
1463,20,900,0,0,7
1464,20,900,0,0,0
1465,20,900,0,0,1
1466,20,900,0,0,2
1467,20,900,0,0,3
1468,20,900,0,0,4
1469,20,900,0,0,5
1470,20,900,0,0,6
1471,20,900,0,0,7
1472,20,900,0,0,0
1473,20,900,0,0,1
1474,20,900,0,0,2
1475,20,900,0,0,3
1476,20,900,0,0,4
1477,20,900,0,0,5
1478,20,900,0,0,6
1479,20,900,0,0,7
1480,20,900,0,0,0
1481,20,900,0,0,1
1482,20,900,0,0,2
1483,20,900,0,0,3
1484,20,900,0,0,4
1485,20,900,0,0,5
1486,20,900,0,0,6
1487,20,900,0,0,7
1488,20,900,0,0,0
1489,20,900,0,0,1
1490,20,900,0,0,2
1491,20,900,0,0,3
1492,20,900,0,0,4
1493,20,900,0,0,5
1494,20,900,0,0,6
1495,20,900,0,0,7
1496,20,900,0,0,0
1497,20,900,0,0,1
1498,20,900,0,0,2
1499,20,900,0,0,3
1500,20,900,0,0,4
1501,20,900,1,2,5
1502,20,900,0,0,6
1503,20,900,0,0,7
1504,20,900,0,0,0
1505,20,900,0,0,1
1506,20,900,0,0,2
1507,20,900,0,0,3
1508,20,900,0,0,4
1509,20,900,0,0,5
1510,20,900,0,0,6
1511,20,900,0,0,7
1512,20,900,0,0,0
1513,20,900,1,3,1
1514,20,900,0,0,2
1515,20,900,0,0,3
1516,20,900,0,0,4
1517,20,900,0,0,5
1518,20,900,0,0,6
1519,20,900,0,0,7
1520,20,900,0,0,0
1521,20,900,0,0,1
1522,20,900,0,0,2
1523,20,900,0,0,3
1524,20,900,0,0,4
1525,20,900,0,0,5
1526,20,900,0,0,6
1527,20,900,1,1,7
1528,20,900,0,0,0
1529,20,900,0,0,1
1530,20,900,0,0,2
1531,20,900,0,0,3
1532,20,900,1,3,4
1533,20,900,0,0,5
1534,20,900,0,0,6
1535,20,900,0,0,7
1536,20,900,0,0,0
1537,20,900,0,0,1
1538,20,900,0,0,2
1539,20,900,0,0,3
1540,20,900,0,0,4
1541,20,900,0,0,5
1542,20,900,0,0,6
1543,20,900,0,0,7
1544,20,900,0,0,0
1545,20,900,0,0,1
1546,20,900,0,0,2
1547,20,900,0,0,3
1548,20,900,0,0,4
1549,20,900,0,0,5
1550,20,900,0,0,6
1551,20,900,0,0,7
1552,20,900,0,0,0
1553,20,900,0,0,1
1554,20,900,0,0,2
1555,20,900,0,0,3
1556,20,900,0,0,4
1557,20,900,0,0,5
1558,20,900,0,0,6
1559,20,900,0,0,7
1560,20,900,0,0,0
1561,20,900,0,0,1
1562,20,900,0,0,2
1563,20,900,0,0,3
1564,20,900,0,0,4
1565,20,900,0,0,5
1566,20,900,0,0,6
1567,20,900,0,0,7
1568,20,900,1,1,0
1569,20,900,0,0,1
1570,20,900,0,0,2
1571,20,900,0,0,3
1572,20,900,0,0,4
1573,20,900,0,0,5
1574,20,900,0,0,6
1575,20,900,0,0,7
1576,20,900,0,0,0
1577,20,900,0,0,1
1578,20,900,0,0,2
1579,20,900,0,0,3
1580,20,900,0,0,4
1581,20,900,0,0,5
1582,20,900,0,0,6
1583,20,900,0,0,7
1584,20,900,0,0,0
1585,20,900,0,0,1
1586,20,900,0,0,2
1587,20,900,0,0,3
1588,20,900,0,0,4
1589,20,900,0,0,5
1590,20,900,0,0,6
1591,20,900,0,0,7
1592,20,900,0,0,0
1593,20,900,0,0,1
1594,20,900,0,0,2
1595,20,900,0,0,3
1596,20,900,0,0,4
1597,20,900,0,0,5
1598,20,900,0,0,6
1599,20,900,0,0,7
1600,20,900,0,0,0
1601,20,900,0,0,1
1602,20,900,0,0,2
1603,20,900,0,0,3
1604,20,900,0,0,4
1605,20,900,0,0,5
1606,20,900,0,0,6
1607,20,900,0,0,7
1608,20,900,0,0,0
1609,20,900,0,0,1
1610,20,900,0,0,2
1611,20,900,0,0,3
1612,20,900,0,0,4
1613,20,900,0,0,5
1614,20,900,0,0,6
1615,20,900,0,0,7
1616,20,900,0,0,0
1617,20,900,0,0,1
1618,20,900,0,0,2
1619,20,900,0,0,3
1620,20,900,0,0,4
1621,20,900,0,0,5
1622,20,900,0,0,6
1623,20,900,0,0,7
1624,20,900,0,0,0
1625,20,900,0,0,1
1626,20,900,0,0,2
1627,20,900,0,0,3
1628,20,900,0,0,4
1629,20,900,0,0,5
1630,20,900,0,0,6
1631,20,900,0,0,7
1632,20,900,1,1,0
1633,20,900,0,0,1
1634,20,900,0,0,2
1635,20,900,0,0,3
1636,20,900,0,0,4
1637,20,900,0,0,5
1638,20,900,0,0,6
1639,20,900,0,0,7
1640,20,900,0,0,0
1641,20,900,0,0,1
1642,20,900,0,0,2
1643,20,900,0,0,3
1644,20,900,0,0,4
1645,20,900,0,0,5
1646,20,900,0,0,6
1647,20,900,0,0,7
1648,20,900,0,0,0
1649,20,900,0,0,1
1650,20,900,0,0,2
1651,20,900,0,0,3
1652,20,900,0,0,4
1653,20,900,0,0,5
1654,20,900,0,0,6
1655,20,900,0,0,7
1656,20,900,0,0,0
1657,20,900,0,0,1
1658,20,900,0,0,2
1659,20,900,0,0,3
1660,20,900,0,0,4
1661,20,900,0,0,5
1662,20,900,0,0,6
1663,20,900,0,0,7
1664,20,900,0,0,0
1665,20,900,0,0,1
1666,20,900,0,0,2
1667,20,900,0,0,3
1668,20,900,0,0,4
1669,20,900,0,0,5
1670,20,900,0,0,6
1671,20,900,0,0,7
1672,20,900,0,0,0
1673,20,900,0,0,1
1674,20,900,0,0,2
1675,20,900,0,0,3
1676,20,900,0,0,4
1677,20,900,0,0,5
1678,20,900,0,0,6
1679,20,900,0,0,7
1680,20,900,0,0,0
1681,20,900,0,0,1
1682,20,900,0,0,2
1683,20,900,0,0,3
1684,20,900,0,0,4
1685,20,900,0,0,5
1686,20,900,0,0,6
1687,20,900,0,0,7
1688,20,900,0,0,0
1689,20,900,0,0,1
1690,20,900,0,0,2
1691,20,900,0,0,3
1692,20,900,0,0,4
1693,20,900,0,0,5
1694,20,900,0,0,6
1695,20,900,0,0,7
1696,20,900,0,0,0
1697,20,900,0,0,1
1698,20,900,0,0,2
1699,20,900,0,0,3
1700,20,900,0,0,4
1701,20,900,0,0,5
1702,20,900,0,0,6
1703,20,900,0,0,7
1704,20,900,0,0,0
1705,20,900,0,0,1
1706,20,900,0,0,2
1707,20,900,0,0,3
1708,20,900,0,0,4
1709,20,900,0,0,5
1710,20,900,0,0,6
1711,20,900,0,0,7
1712,20,900,0,0,0
1713,20,900,0,0,1
1714,20,900,0,0,2
1715,20,900,0,0,3
1716,20,900,0,0,4
1717,20,900,0,0,5
1718,20,900,0,0,6
1719,20,900,0,0,7
1720,20,900,0,0,0
1721,20,900,0,0,1
1722,20,900,0,0,2
1723,20,900,0,0,3
1724,20,900,0,0,4
1725,20,900,0,0,5
1726,20,900,0,0,6
1727,20,900,0,0,7
1728,20,900,0,0,0
1729,20,900,0,0,1
1730,20,900,0,0,2
1731,20,900,0,0,3
1732,20,900,1,1,4
1733,20,900,0,0,5
1734,20,900,0,0,6
1735,20,900,0,0,7
1736,20,900,0,0,0
1737,20,900,0,0,1
1738,20,900,0,0,2
1739,20,900,0,0,3
1740,20,900,0,0,4
1741,20,900,0,0,5
1742,20,900,0,0,6
1743,20,900,0,0,7
1744,20,900,0,0,0
1745,20,900,0,0,1
1746,20,900,0,0,2
1747,20,900,0,0,3
1748,20,900,0,0,4
1749,20,900,0,0,5
1750,20,900,0,0,6
1751,20,900,0,0,7
1752,20,900,0,0,0
1753,20,900,0,0,1
1754,20,900,0,0,2
1755,20,900,0,0,3
1756,20,900,0,0,4
1757,20,900,0,0,5
1758,20,900,0,0,6
1759,20,900,0,0,7
1760,20,900,0,0,0
1761,20,900,0,0,1
1762,20,900,0,0,2
1763,20,900,0,0,3
1764,20,900,0,0,4
1765,20,900,0,0,5
1766,20,900,0,0,6
1767,20,900,0,0,7
1768,20,900,0,0,0
1769,20,900,0,0,1
1770,20,900,1,2,2
1771,20,900,0,0,3
1772,20,900,0,0,4
1773,20,900,0,0,5
1774,20,900,0,0,6
1775,20,900,0,0,7
1776,20,900,0,0,0
1777,20,900,0,0,1
1778,20,900,0,0,2
1779,20,900,0,0,3
1780,20,900,1,3,4
1781,20,900,0,0,5
1782,20,900,0,0,6
1783,20,900,0,0,7
1784,20,900,0,0,0
1785,20,900,0,0,1
1786,20,900,0,0,2
1787,20,900,0,0,3
1788,20,900,0,0,4
1789,20,900,0,0,5
1790,20,900,0,0,6
1791,20,900,0,0,7
1792,20,900,0,0,0
1793,20,900,0,0,1
1794,20,900,0,0,2
1795,20,900,0,0,3
1796,20,900,0,0,4
1797,20,900,0,0,5
1798,20,900,0,0,6
1799,20,900,0,0,7
1800,20,900,0,0,0
1801,20,900,0,0,1
1802,20,900,0,0,2
1803,20,900,0,0,3
1804,20,900,0,0,4
1805,20,900,0,0,5
1806,20,900,0,0,6
1807,20,900,0,0,7
1808,20,900,0,0,0
1809,20,900,0,0,1
1810,20,900,0,0,2
1811,20,900,0,0,3
1812,20,900,0,0,4
1813,20,900,0,0,5
1814,20,900,0,0,6
1815,20,900,0,0,7
1816,20,900,0,0,0
1817,20,900,0,0,1
1818,20,900,0,0,2
1819,20,900,0,0,3
1820,20,900,0,0,4
1821,20,900,0,0,5
1822,20,900,0,0,6
1823,20,900,0,0,7
1824,20,900,0,0,0
1825,20,900,0,0,1
1826,20,900,0,0,2
1827,20,900,0,0,3
1828,20,900,0,0,4
1829,20,900,0,0,5
1830,20,900,0,0,6
1831,20,900,0,0,7
1832,20,900,0,0,0
1833,20,900,0,0,1
1834,20,900,0,0,2
1835,20,900,0,0,3
1836,20,900,0,0,4
1837,20,900,0,0,5
1838,20,900,0,0,6
1839,20,900,0,0,7
1840,20,900,0,0,0
1841,20,900,0,0,1
1842,20,900,0,0,2
1843,20,900,0,0,3
1844,20,900,0,0,4
1845,20,900,0,0,5
1846,20,900,0,0,6
1847,20,900,0,0,7
1848,20,900,0,0,0
1849,20,900,0,0,1
1850,20,900,0,0,2
1851,20,900,0,0,3
1852,20,900,0,0,4
1853,20,900,0,0,5
1854,20,900,0,0,6
1855,20,900,0,0,7
1856,20,900,0,0,0
1857,20,900,0,0,1
1858,20,900,0,0,2
1859,20,900,0,0,3
1860,20,900,1,2,4
1861,20,900,0,0,5
1862,20,900,0,0,6
1863,20,900,0,0,7
1864,20,900,0,0,0
1865,20,900,0,0,1
1866,20,900,0,0,2
1867,20,900,0,0,3
1868,20,900,0,0,4
1869,20,900,1,2,5
1870,20,900,0,0,6
1871,20,900,0,0,7
1872,20,900,0,0,0
1873,20,900,0,0,1
1874,20,900,0,0,2
1875,20,900,0,0,3
1876,20,900,0,0,4
1877,20,900,0,0,5
1878,20,900,0,0,6
1879,20,900,0,0,7
1880,20,900,0,0,0
1881,20,900,0,0,1
1882,20,900,0,0,2
1883,20,900,0,0,3
1884,20,900,0,0,4
1885,20,900,0,0,5
1886,20,900,0,0,6
1887,20,900,1,2,7
1888,20,900,0,0,0
1889,20,900,0,0,1
1890,20,900,0,0,2
1891,20,900,0,0,3
1892,20,900,0,0,4
1893,20,900,0,0,5
1894,20,900,0,0,6
1895,20,900,0,0,7
1896,20,900,0,0,0
1897,20,900,0,0,1
1898,20,900,0,0,2
1899,20,900,0,0,3
1900,20,900,0,0,4
1901,20,900,0,0,5
1902,20,900,0,0,6
1903,20,900,0,0,7
1904,20,900,0,0,0
1905,20,900,0,0,1
1906,20,900,0,0,2
1907,20,900,0,0,3
1908,20,900,0,0,4
1909,20,900,0,0,5
1910,20,900,0,0,6
1911,20,900,0,0,7
1912,20,900,0,0,0
1913,20,900,0,0,1
1914,20,900,0,0,2
1915,20,900,0,0,3
1916,20,900,0,0,4
1917,20,900,0,0,5
1918,20,900,0,0,6
1919,20,900,0,0,7
1920,20,900,0,0,0
1921,20,900,0,0,1
1922,20,900,0,0,2
1923,20,900,0,0,3
1924,20,900,0,0,4
1925,20,900,0,0,5
1926,20,900,0,0,6
1927,20,900,1,3,7
1928,20,900,0,0,0
1929,20,900,0,0,1
1930,20,900,0,0,2
1931,20,900,0,0,3
1932,20,900,0,0,4
1933,20,900,0,0,5
1934,20,900,0,0,6
1935,20,900,0,0,7
1936,20,900,0,0,0
1937,20,900,0,0,1
1938,20,900,0,0,2
1939,20,900,0,0,3
1940,20,900,0,0,4
1941,20,900,0,0,5
1942,20,900,0,0,6
1943,20,900,0,0,7
1944,20,900,0,0,0
1945,20,900,0,0,1
1946,20,900,0,0,2
1947,20,900,0,0,3
1948,20,900,0,0,4
1949,20,900,0,0,5
1950,20,900,0,0,6
1951,20,900,0,0,7
1952,20,900,0,0,0
1953,20,900,0,0,1
1954,20,900,0,0,2
1955,20,900,0,0,3
1956,20,900,0,0,4
1957,20,900,0,0,5
1958,20,900,0,0,6
1959,20,900,0,0,7
1960,20,900,0,0,0
1961,20,900,0,0,1
1962,20,900,0,0,2
1963,20,900,0,0,3
1964,20,900,0,0,4
1965,20,900,0,0,5
1966,20,900,0,0,6
1967,20,900,0,0,7
1968,20,900,0,0,0
1969,20,900,0,0,1
1970,20,900,1,1,2
1971,20,900,0,0,3
1972,20,900,0,0,4
1973,20,900,0,0,5
1974,20,900,0,0,6
1975,20,900,0,0,7
1976,20,900,0,0,0
1977,20,900,1,1,1
1978,20,900,0,0,2
1979,20,900,1,1,3
1980,20,900,0,0,4
1981,20,900,0,0,5
1982,20,900,0,0,6
1983,20,900,0,0,7
1984,20,900,1,3,0
1985,20,900,0,0,1
1986,20,900,0,0,2
1987,20,900,0,0,3
1988,20,900,0,0,4
1989,20,900,0,0,5
1990,20,900,0,0,6
1991,20,900,0,0,7
1992,20,900,0,0,0
1993,20,900,0,0,1
1994,20,900,0,0,2
1995,20,900,0,0,3
1996,20,900,0,0,4
1997,20,900,0,0,5
1998,20,900,0,0,6
1999,20,900,0,0,7
